{
  "devices": [
    {
      "serial": "H1522184",
      "name": "fake",
      "rotation": 180.0,
      "x": 2641.0,
      "y": 1232.0,
      "color": "#F6FF00",
      "minDistanceThreshold": 20.0,
      "scanMaskThresholds": {
        "264.0234375": 640.0,
        "231.328125": 1477.0,
        "183.8671875": 3570.0,
        "90.3515625": 1273.0,
        "278.0859375": 624.0,
        "64.6875": 907.0,
        "198.984375": 2589.0,
        "230.2734375": 1489.0,
        "195.46875": 3110.0,
        "286.171875": 313.0,
        "249.2578125": 590.0,
        "203.90625": 1057.0,
        "76.9921875": 219.0,
        "92.109375": 810.0,
        "166.2890625": 2869.0,
        "209.53125": 2315.0,
        "294.2578125": 202.0,
        "171.2109375": 3554.0,
        "227.4609375": 1565.0,
        "288.984375": 253.0,
        "71.3671875": 211.0,
        "72.0703125": 210.0,
        "206.015625": 2573.0,
        "218.671875": 466.0,
        "67.1484375": 794.0,
        "242.9296875": 653.0,
        "97.3828125": 2331.0,
        "287.2265625": 282.0,
        "213.75": 789.0,
        "85.078125": 2208.0,
        "249.9609375": 584.0,
        "60.8203125": 874.0,
        "279.140625": 479.0,
        "220.78125": 1272.0,
        "111.796875": 506.0,
        "204.9609375": 2667.0,
        "64.3359375": 903.0,
        "90": 1376.0,
        "211.9921875": 2210.0,
        "262.96875": 637.0,
        "239.4140625": 300.0,
        "165.5859375": 2872.0,
        "288.6328125": 263.0,
        "72.7734375": 210.0,
        "204.2578125": 2673.0,
        "92.8125": 803.0,
        "159.9609375": 3744.0,
        "249.609375": 584.0,
        "272.8125": 1117.0,
        "275.9765625": 809.0,
        "179.296875": 2661.0,
        "97.03125": 2331.0,
        "217.6171875": 487.0,
        "213.3984375": 794.0,
        "63.984375": 890.0,
        "61.171875": 874.0,
        "208.125": 2398.0,
        "87.5390625": 2200.0,
        "225.3515625": 1613.0,
        "259.8046875": 662.0,
        "273.1640625": 1117.0,
        "180.703125": 3540.0,
        "166.640625": 2869.0,
        "84.375": 2170.0,
        "228.8671875": 1524.0,
        "197.578125": 2759.0,
        "62.2265625": 882.0,
        "243.28125": 653.0,
        "201.796875": 2609.0,
        "261.2109375": 661.0,
        "294.609375": 197.0,
        "254.1796875": 639.0,
        "254.53125": 639.0,
        "286.875": 287.0,
        "68.90625": 951.0,
        "177.890625": 2656.0,
        "62.578125": 884.0,
        "255.9375": 641.0,
        "245.0390625": 619.0,
        "228.1640625": 1563.0,
        "220.078125": 1221.0,
        "260.15625": 659.0,
        "211.640625": 2210.0,
        "262.265625": 640.0,
        "291.796875": 225.0,
        "198.28125": 2664.0,
        "263.3203125": 632.0,
        "291.4453125": 226.0,
        "244.6875": 619.0,
        "78.3984375": 215.0,
        "79.453125": 216.0,
        "72.421875": 210.0,
        "234.84375": 924.0,
        "224.296875": 1646.0,
        "271.7578125": 1106.0,
        "200.7421875": 2598.0,
        "185.625": 3574.0,
        "219.7265625": 1198.0,
        "284.4140625": 339.0,
        "293.5546875": 213.0,
        "253.828125": 639.0,
        "275.2734375": 844.0,
        "247.8515625": 590.0,
        "263.671875": 632.0,
        "93.8671875": 817.0,
        "161.015625": 3723.0,
        "298.828125": 161.0,
        "281.25": 434.0,
        "62.9296875": 884.0,
        "226.7578125": 1577.0,
        "226.40625": 1594.0,
        "191.6015625": 740.0,
        "283.0078125": 379.0,
        "177.5390625": 2673.0,
        "247.5": 589.0,
        "200.390625": 2595.0,
        "232.734375": 926.0,
        "93.515625": 817.0,
        "96.328125": 2269.0,
        "178.2421875": 2656.0,
        "221.484375": 1247.0,
        "69.2578125": 937.0,
        "251.71875": 632.0,
        "160.6640625": 3723.0,
        "112.1484375": 516.0,
        "273.8671875": 1091.0,
        "201.4453125": 2609.0,
        "227.8125": 1565.0,
        "107.9296875": 507.0,
        "66.09375": 808.0,
        "165.9375": 2872.0,
        "197.2265625": 2798.0,
        "239.765625": 300.0,
        "108.6328125": 500.0,
        "234.4921875": 924.0,
        "281.6015625": 421.0,
        "274.21875": 991.0,
        "196.171875": 2966.0,
        "252.0703125": 632.0,
        "219.0234375": 466.0,
        "73.4765625": 211.0,
        "95.625": 2269.0,
        "170.15625": 3549.0,
        "80.859375": 224.0,
        "242.2265625": 340.0,
        "73.125": 210.0,
        "175.4296875": 2784.0,
        "298.4765625": 161.0,
        "276.6796875": 687.0,
        "258.75": 660.0,
        "187.03125": 3586.0,
        "228.515625": 1541.0,
        "78.75": 216.0,
        "223.9453125": 1655.0,
        "227.109375": 1565.0,
        "68.5546875": 811.0,
        "206.71875": 2573.0,
        "184.921875": 3569.0,
        "208.828125": 2361.0,
        "85.78125": 2204.0,
        "278.7890625": 572.0,
        "74.1796875": 216.0,
        "201.09375": 2601.0,
        "209.8828125": 2283.0,
        "167.34375": 2865.0,
        "186.328125": 3577.0,
        "288.28125": 269.0,
        "285.46875": 322.0,
        "73.828125": 211.0,
        "290.7421875": 232.0,
        "89.6484375": 1391.0,
        "292.5": 220.0,
        "229.921875": 1502.0,
        "63.28125": 884.0,
        "292.1484375": 224.0,
        "110.7421875": 506.0,
        "225": 1629.0,
        "171.9140625": 3559.0,
        "229.5703125": 1517.0,
        "203.203125": 1057.0,
        "168.3984375": 2869.0,
        "71.015625": 211.0,
        "70.6640625": 211.0,
        "234.140625": 923.0,
        "158.5546875": 3775.0,
        "157.5": 3800.0,
        "94.5703125": 2263.0,
        "247.1484375": 596.0,
        "191.953125": 740.0,
        "176.484375": 2693.0,
        "220.4296875": 1247.0,
        "253.4765625": 632.0,
        "60.46875": 878.0,
        "250.3125": 584.0,
        "252.421875": 634.0,
        "261.9140625": 641.0,
        "272.4609375": 1117.0,
        "285.1171875": 323.0,
        "158.203125": 3791.0,
        "257.6953125": 653.0,
        "239.0625": 304.0,
        "94.921875": 2268.0,
        "290.0390625": 242.0,
        "235.8984375": 924.0,
        "240.46875": 324.0,
        "199.3359375": 2585.0,
        "277.3828125": 624.0,
        "207.0703125": 2539.0,
        "85.4296875": 2208.0,
        "241.171875": 331.0,
        "92.4609375": 803.0,
        "75.234375": 209.0,
        "256.2890625": 642.0,
        "169.8046875": 3120.0,
        "297.0703125": 175.0,
        "176.1328125": 2701.0,
        "63.6328125": 888.0,
        "176.8359375": 2687.0,
        "69.609375": 937.0,
        "172.6171875": 3566.0,
        "236.25": 825.0,
        "219.375": 1189.0,
        "109.6875": 498.0,
        "245.7421875": 611.0,
        "111.4453125": 507.0,
        "202.1484375": 2614.0,
        "222.890625": 1129.0,
        "233.4375": 924.0,
        "233.0859375": 926.0,
        "191.25": 740.0,
        "86.484375": 2200.0,
        "79.8046875": 216.0,
        "197.9296875": 2716.0,
        "91.0546875": 803.0,
        "172.265625": 3559.0,
        "251.3671875": 627.0,
        "166.9921875": 2884.0,
        "297.421875": 172.0,
        "75.9375": 214.0,
        "221.8359375": 1116.0,
        "91.40625": 827.0,
        "198.6328125": 2627.0,
        "238.359375": 326.0,
        "274.5703125": 948.0,
        "65.390625": 920.0,
        "241.5234375": 333.0,
        "77.6953125": 217.0,
        "298.125": 162.0,
        "251.015625": 626.0,
        "291.09375": 227.0,
        "242.578125": 376.0,
        "256.9921875": 649.0,
        "159.2578125": 3763.0,
        "95.9765625": 2269.0,
        "280.546875": 459.0,
        "91.7578125": 812.0,
        "87.1875": 2195.0,
        "231.6796875": 965.0,
        "214.1015625": 772.0,
        "299.1796875": 159.0,
        "65.0390625": 920.0,
        "212.34375": 2190.0,
        "283.7109375": 362.0,
        "286.5234375": 298.0,
        "157.8515625": 3793.0,
        "284.0625": 339.0,