{
  "devices": [
    {
      "serial": "H1522184",
      "name": "fake",
      "rotation": 180.0,
      "x": 2641.0,
      "y": 1232.0,
      "color": "#F6FF00",
      "minDistanceThreshold": 20.0,
      "scanMaskThresholds": {
        "298.125": 164.0,
        "259.1015625": 663.0,
        "90.703125": 1371.0,
        "245.0390625": 622.0,
        "61.171875": 877.0,
        "197.9296875": 2709.0,
        "251.71875": 637.0,
        "230.9765625": 1488.0,
        "247.8515625": 587.0,
        "91.0546875": 803.0,
        "225.703125": 1599.0,
        "160.3125": 3728.0,
        "279.84375": 465.0,
        "282.65625": 399.0,
        "250.6640625": 623.0,
        "255.9375": 634.0,
        "112.8515625": 534.0,
        "240.1171875": 303.0,
        "287.578125": 286.0,
        "253.4765625": 638.0,
        "65.7421875": 902.0,
        "231.328125": 1488.0,
        "184.21875": 3561.0,
        "274.21875": 994.0,
        "217.6171875": 487.0,
        "180": 3555.0,
        "252.0703125": 637.0,
        "212.6953125": 2136.0,
        "207.421875": 2505.0,
        "224.296875": 1635.0,
        "206.71875": 2572.0,
        "158.5546875": 3777.0,
        "254.53125": 638.0,
        "290.0390625": 242.0,
        "217.96875": 471.0,
        "171.5625": 3562.0,
        "243.6328125": 656.0,
        "282.3046875": 412.0,
        "185.9765625": 3567.0,
        "261.2109375": 661.0,
        "78.3984375": 221.0,
        "220.78125": 1272.0,
        "221.1328125": 1185.0,
        "96.6796875": 2278.0,
        "287.9296875": 284.0,
        "292.1484375": 221.0,
        "272.8125": 1117.0,
        "85.78125": 2203.0,
        "197.2265625": 2803.0,
        "298.4765625": 158.0,
        "77.6953125": 228.0,
        "87.890625": 2217.0,
        "84.0234375": 2201.0,
        "63.28125": 890.0,
        "191.6015625": 740.0,
        "208.828125": 2354.0,
        "107.578125": 513.0,
        "110.0390625": 502.0,
        "263.3203125": 632.0,
        "248.90625": 585.0,
        "214.8046875": 796.0,
        "109.6875": 501.0,
        "233.0859375": 932.0,
        "76.640625": 217.0,
        "280.546875": 465.0,
        "67.8515625": 803.0,
        "107.9296875": 509.0,
        "166.9921875": 2884.0,
        "67.1484375": 803.0,
        "165.5859375": 2887.0,
        "275.9765625": 805.0,
        "220.078125": 3988.0,
        "85.078125": 2200.0,
        "296.015625": 188.0,
        "218.671875": 471.0,
        "164.53125": 2877.0,
        "86.1328125": 2203.0,
        "225": 1623.0,
        "60.8203125": 877.0,
        "229.5703125": 1515.0,
        "295.3125": 191.0,
        "79.8046875": 217.0,
        "61.875": 877.0,
        "297.0703125": 180.0,
        "226.7578125": 1574.0,
        "240.46875": 309.0,
        "203.203125": 1068.0,
        "258.75": 656.0,
        "234.4921875": 920.0,
        "85.4296875": 2200.0,
        "179.296875": 2668.0,
        "222.5390625": 1113.0,
        "97.3828125": 2331.0,
        "66.796875": 806.0,
        "95.625": 2269.0,
        "230.625": 1488.0,
        "198.984375": 2585.0,
        "290.390625": 233.0,
        "256.2890625": 634.0,
        "260.15625": 659.0,
        "159.9609375": 3728.0,
        "68.5546875": 811.0,
        "164.8828125": 2877.0,
        "71.3671875": 221.0,
        "180.3515625": 3555.0,
        "239.4140625": 305.0,
        "296.3671875": 184.0,
        "288.28125": 277.0,
        "256.640625": 634.0,
        "242.2265625": 343.0,
        "247.5": 587.0,
        "294.9609375": 191.0,
        "222.1875": 1113.0,
        "288.984375": 270.0,
        "239.0625": 309.0,
        "169.1015625": 3121.0,
        "299.53125": 153.0,
        "243.28125": 656.0,
        "203.5546875": 1075.0,
        "178.2421875": 2663.0,
        "185.625": 3563.0,
        "257.34375": 639.0,
        "271.7578125": 1106.0,
        "178.59375": 2661.0,
        "60.46875": 877.0,
        "76.9921875": 220.0,
        "276.6796875": 686.0,
        "62.578125": 881.0,
        "202.5": 2617.0,
        "159.609375": 3742.0,
        "279.140625": 482.0,
        "66.09375": 809.0,
        "67.5": 803.0,
        "68.203125": 816.0,
        "251.3671875": 636.0,
        "232.3828125": 938.0,
        "73.125": 206.0,
        "259.8046875": 667.0,
        "249.2578125": 585.0,
        "96.328125": 2269.0,
        "261.5625": 645.0,
        "261.9140625": 640.0,
        "197.578125": 2742.0,
        "112.5": 514.0,
        "181.0546875": 3555.0,
        "211.2890625": 2221.0,
        "233.7890625": 932.0,
        "285.46875": 320.0,
        "206.015625": 2572.0,
        "209.1796875": 2338.0,
        "75.5859375": 206.0,
        "207.7734375": 2430.0,
        "221.484375": 1185.0,
        "232.03125": 954.0,
        "277.734375": 624.0,
        "202.8515625": 1068.0,
        "228.515625": 1551.0,
        "214.1015625": 783.0,
        "203.90625": 1075.0,
        "244.6875": 622.0,
        "285.1171875": 336.0,
        "221.8359375": 1113.0,
        "235.1953125": 920.0,
        "66.4453125": 807.0,
        "200.0390625": 2587.0,
        "274.5703125": 946.0,
        "72.7734375": 206.0,
        "204.609375": 2662.0,
        "183.8671875": 3564.0,
        "245.7421875": 607.0,
        "285.8203125": 320.0,
        "62.9296875": 886.0,
        "286.171875": 320.0,
        "299.1796875": 156.0,
        "226.40625": 1594.0,
        "78.046875": 221.0,
        "196.5234375": 2926.0,
        "198.28125": 2661.0,
        "175.078125": 3542.0,
        "62.2265625": 880.0,
        "262.265625": 640.0,
        "208.4765625": 2376.0,
        "76.2890625": 214.0,
        "165.234375": 2872.0,
        "171.9140625": 3567.0,
        "289.6875": 245.0,
        "71.71875": 221.0,
        "249.9609375": 587.0,
        "291.09375": 228.0,
        "212.34375": 2190.0,
        "283.7109375": 371.0,
        "87.5390625": 2200.0,
        "279.4921875": 467.0,
        "167.34375": 2865.0,
        "175.78125": 2738.0,
        "158.203125": 3796.0,
        "111.09375": 510.0,
        "291.796875": 223.0,
        "175.4296875": 2791.0,
        "78.75": 220.0,
        "92.8125": 797.0,
        "220.4296875": 1247.0,
        "278.0859375": 624.0,
        "241.171875": 324.0,
        "227.109375": 1567.0,
        "244.3359375": 639.0,
        "201.09375": 2595.0,
        "77.34375": 221.0,
        "294.609375": 200.0,
        "84.375": 2220.0,
        "283.359375": 379.0,
        "249.609375": 586.0,
        "242.9296875": 653.0,
        "179.6484375": 3549.0,
        "280.8984375": 451.0,
        "92.109375": 802.0,
        "214.453125": 786.0,
        "86.8359375": 2206.0,
        "272.4609375": 1117.0,
        "252.7734375": 638.0,
        "191.25": 740.0,
        "161.015625": 3723.0,
        "93.1640625": 797.0,
        "297.7734375": 175.0,
        "281.25": 431.0,
        "95.9765625": 2269.0,
        "201.796875": 2616.0,
        "185.2734375": 3561.0,
        "61.5234375": 877.0,
        "71.015625": 215.0,
        "223.9453125": 1640.0,
        "204.2578125": 2662.0,
        "73.4765625": 206.0,
        "293.203125": 211.0,
        "159.2578125": 3765.0,
        "281.953125": 422.0,
        "94.921875": 2268.0,
        "210.5859375": 2245.0,
        "207.0703125": 2543.0,
        "90": 1376.0,
        "158.90625": 3773.0,
        "69.9609375": 940.0,
        "110.7421875": 510.0,
        "283.0078125": 382.0,
        "180.703125": 3555.0,
        "176.1328125": 2701.0,
        "111.796875": 510.0,
        "297.421875": 176.0,
        "258.3984375": 648.0,
        "205.3125": 2630.0,
        "65.0390625": 903.0,
        "165.9375": 2887.0,
        "60.1171875": 881.0,
        "169.453125": 3121.0,
        "293.90625": 202.0,
        "186.6796875": 3579.0,
        "239.765625": 303.0,
        "262.6171875": 634.0,
        "257.6953125": 642.0,
        "235.8984375": 919.0,
        "109.3359375": 502.0,
        "228.8671875": 1529.0,
        "69.609375": 937.0,
        "296.71875": 184.0,
        "90.3515625": 1371.0,
        "218.3203125": 471.0,