{
  "devices": [
    {
      "serial": "H1522184",
      "name": "fake",
      "rotation": 180.0,
      "x": 2641.0,
      "y": 1232.0,
      "color": "#F6FF00",
      "minDistanceThreshold": 20.0,
      "scanMaskThresholds": {
        "259.8046875": 658.0,
        "295.3125": 184.0,
        "272.4609375": 1092.0,
        "157.5": 3813.0,
        "109.3359375": 490.0,
        "284.765625": 333.0,
        "66.4453125": 798.0,
        "204.9609375": 2654.0,
        "61.171875": 870.0,
        "294.2578125": 189.0,
        "295.6640625": 178.0,
        "297.421875": 173.0,
        "257.6953125": 636.0,
        "282.65625": 390.0,
        "289.6875": 251.0,
        "227.4609375": 1555.0,
        "180.3515625": 3543.0,
        "226.40625": 1578.0,
        "76.640625": 207.0,
        "215.15625": 783.0,
        "278.4375": 594.0,
        "258.75": 656.0,
        "71.3671875": 216.0,
        "233.4375": 926.0,
        "214.1015625": 772.0,
        "254.8828125": 623.0,
        "229.21875": 1518.0,
        "75.9375": 203.0,
        "242.9296875": 644.0,
        "223.59375": 1646.0,
        "296.015625": 178.0,
        "87.5390625": 2200.0,
        "297.7734375": 164.0,
        "93.8671875": 812.0,
        "276.328125": 758.0,
        "108.28125": 502.0,
        "92.4609375": 795.0,
        "158.90625": 3765.0,
        "186.6796875": 3572.0,
        "299.53125": 152.0,
        "278.0859375": 621.0,
        "202.1484375": 2607.0,
        "240.46875": 313.0,
        "62.2265625": 876.0,
        "175.78125": 2726.0,
        "108.984375": 490.0,
        "167.34375": 2885.0,
        "77.34375": 217.0,
        "69.2578125": 925.0,
        "263.671875": 626.0,
        "208.4765625": 2372.0,
        "71.71875": 216.0,
        "109.6875": 490.0,
        "171.9140625": 3557.0,
        "274.21875": 988.0,
        "181.0546875": 3544.0,
        "87.890625": 2217.0,
        "224.6484375": 1631.0,
        "66.796875": 795.0,
        "286.171875": 288.0,
        "202.5": 2607.0,
        "169.8046875": 3121.0,
        "61.5234375": 870.0,
        "197.2265625": 2812.0,
        "294.9609375": 184.0,
        "256.640625": 641.0,
        "229.921875": 1500.0,
        "204.609375": 2654.0,
        "169.453125": 3120.0,
        "253.125": 624.0,
        "75.234375": 203.0,
        "263.3203125": 623.0,
        "207.0703125": 2517.0,
        "241.171875": 315.0,
        "161.015625": 3727.0,
        "64.6875": 888.0,
        "244.3359375": 636.0,
        "221.484375": 1169.0,
        "222.1875": 1092.0,
        "185.9765625": 3568.0,
        "210.234375": 2255.0,
        "243.6328125": 644.0,
        "69.9609375": 952.0,
        "73.828125": 210.0,
        "85.078125": 2202.0,
        "70.3125": 220.0,
        "285.46875": 319.0,
        "257.34375": 636.0,
        "252.7734375": 624.0,
        "94.921875": 2268.0,
        "243.984375": 640.0,
        "235.8984375": 950.0,
        "211.2890625": 2215.0,
        "226.7578125": 1573.0,
        "206.71875": 2571.0,
        "251.015625": 618.0,
        "79.453125": 206.0,
        "225.3515625": 1612.0,
        "183.8671875": 3553.0,
        "160.6640625": 3728.0,
        "217.6171875": 487.0,
        "264.0234375": 626.0,
        "62.578125": 876.0,
        "287.578125": 273.0,
        "290.7421875": 229.0,
        "280.1953125": 444.0,
        "290.0390625": 247.0,
        "107.9296875": 506.0,
        "239.0625": 307.0,
        "60.46875": 873.0,
        "205.3125": 2626.0,
        "111.4453125": 504.0,
        "251.3671875": 625.0,
        "229.5703125": 1503.0,
        "74.1796875": 210.0,
        "275.625": 833.0,
        "108.6328125": 490.0,
        "296.3671875": 178.0,
        "224.296875": 1641.0,
        "177.1875": 2672.0,
        "214.453125": 772.0,
        "222.890625": 1092.0,
        "76.9921875": 211.0,
        "196.5234375": 2935.0,
        "223.9453125": 1646.0,
        "230.9765625": 1475.0,
        "210.5859375": 2239.0,
        "242.578125": 380.0,
        "166.2890625": 2885.0,
        "287.2265625": 282.0,
        "298.828125": 156.0,
        "298.125": 164.0,
        "179.6484375": 3530.0,
        "96.6796875": 2259.0,
        "291.796875": 215.0,
        "91.0546875": 803.0,
        "238.0078125": 335.0,
        "65.390625": 916.0,
        "204.2578125": 2654.0,
        "243.28125": 644.0,
        "95.625": 2259.0,
        "239.765625": 307.0,
        "283.0078125": 386.0,
        "80.5078125": 214.0,
        "273.8671875": 1088.0,
        "73.125": 200.0,
        "259.453125": 658.0,
        "67.8515625": 807.0,
        "248.203125": 584.0,
        "281.6015625": 411.0,
        "247.5": 586.0,
        "228.8671875": 1527.0,
        "217.96875": 471.0,
        "282.3046875": 397.0,
        "112.1484375": 504.0,
        "288.6328125": 263.0,
        "79.8046875": 206.0,
        "164.53125": 2887.0,
        "280.546875": 444.0,
        "287.9296875": 271.0,
        "110.7421875": 499.0,
        "110.390625": 499.0,
        "176.1328125": 2699.0,
        "197.578125": 2758.0,
        "245.7421875": 613.0,
        "223.2421875": 1112.0,
        "232.734375": 926.0,
        "254.1796875": 625.0,
        "208.828125": 2344.0,
        "242.2265625": 333.0,
        "110.0390625": 497.0,
        "209.8828125": 2286.0,
        "64.3359375": 888.0,
        "68.5546875": 800.0,
        "262.96875": 626.0,
        "198.6328125": 2611.0,
        "112.8515625": 522.0,
        "175.4296875": 2782.0,
        "235.546875": 950.0,
        "195.8203125": 3046.0,
        "210.9375": 2215.0,
        "185.625": 3561.0,
        "179.296875": 2661.0,
        "184.5703125": 3552.0,
        "78.75": 217.0,
        "275.9765625": 803.0,
        "296.71875": 178.0,
        "250.6640625": 603.0,
        "90.703125": 1374.0,
        "209.1796875": 2333.0,
        "252.0703125": 625.0,
        "93.1640625": 800.0,
        "198.28125": 2658.0,
        "200.7421875": 2588.0,
        "262.265625": 642.0,
        "249.2578125": 578.0,
        "233.0859375": 922.0,
        "284.4140625": 335.0,
        "212.6953125": 2142.0,
        "191.25": 740.0,
        "177.5390625": 2668.0,
        "277.3828125": 621.0,
        "225.703125": 1598.0,
        "206.015625": 2571.0,
        "294.609375": 187.0,
        "65.7421875": 916.0,
        "94.5703125": 2263.0,
        "178.59375": 2654.0,
        "172.265625": 3557.0,
        "171.2109375": 3558.0,
        "280.8984375": 440.0,
        "191.953125": 740.0,
        "91.40625": 818.0,
        "67.5": 804.0,
        "272.109375": 1093.0,
        "281.953125": 410.0,
        "218.3203125": 471.0,
        "187.03125": 3576.0,
        "207.7734375": 2426.0,
        "72.0703125": 216.0,
        "253.828125": 625.0,
        "234.84375": 939.0,
        "211.640625": 2200.0,
        "261.5625": 651.0,
        "184.921875": 3553.0,
        "259.1015625": 658.0,
        "164.8828125": 2887.0,
        "79.1015625": 206.0,
        "80.15625": 213.0,
        "96.328125": 2256.0,
        "221.1328125": 1186.0,
        "286.5234375": 286.0,
        "231.328125": 1474.0,
        "176.8359375": 2680.0,
        "240.8203125": 313.0,
        "201.796875": 2607.0,
        "239.4140625": 307.0,
        "292.5": 213.0,
        "258.046875": 636.0,
        "84.0234375": 2201.0,
        "222.5390625": 1092.0,
        "92.109375": 795.0,
        "252.421875": 624.0,
        "61.875": 874.0,
        "247.1484375": 586.0,
        "168.3984375": 2869.0,
        "225": 1622.0,
        "195.46875": 3113.0,
        "176.484375": 2689.0,
        "283.7109375": 358.0,
        "284.0625": 344.0,
        "288.28125": 267.0,
        "291.4453125": 217.0,
        "169.1015625": 3120.0,
        "85.78125": 2210.0,
        "107.578125": 509.0,
        "171.5625": 3557.0,
        "218.671875": 466.0,
        "209.53125": 2299.0,
        "232.03125": 949.0,
        "90.3515625": 1374.0,
        "279.4921875": 470.0,
        "228.515625": 1546.0,
        "206.3671875": 2571.0,
        "208.125": 2392.0,
        "200.390625": 2586.0,