{
  "devices": [
    {
      "serial": "H1522184",
      "name": "fake",
      "rotation": 180,
      "x": 2641,
      "y": 1232,
      "color": "#F6FF00",
      "minDistanceThreshold": 20,
      "flipCoords": [-1, 1]
    },
    {
      "serial": "dummy",
      "name": "duplicate",
      "rotation": 90,
      "x": 2641,
      "y": 1232,
      "color": "#440000",
      "minDistanceThreshold": 20,
      "scanMaskThresholds": {
        "90": 1391,
        "180": 3544,
        "225": 1627,
        "299.53125": 152,
        "299.1796875": 158,
        "298.828125": 161,
        "298.4765625": 164,
        "298.125": 172,
        "297.7734375": 172,
        "297.421875": 173,
        "297.0703125": 173,
        "296.71875": 173,
        "296.3671875": 173,
        "296.015625": 176,
        "295.6640625": 190,
        "295.3125": 190,
        "294.9609375": 193,
        "294.609375": 194,
        "294.2578125": 197,
        "293.90625": 198,
        "293.5546875": 200,
        "293.203125": 210,
        "292.8515625": 214,
        "292.5": 214,
        "292.1484375": 217,
        "291.796875": 217,
        "291.4453125": 225,
        "291.09375": 232,
        "290.7421875": 239,
        "290.390625": 242,
        "290.0390625": 253,
        "289.6875": 254,
        "289.3359375": 255,
        "288.984375": 262,
        "288.6328125": 264,
        "288.28125": 265,
        "287.9296875": 270,
        "287.578125": 281,
        "287.2265625": 282,
        "286.875": 292,
        "286.5234375": 297,
        "286.171875": 298,
        "285.8203125": 313,
        "285.46875": 315,
        "285.1171875": 325,
        "284.765625": 336,
        "284.4140625": 347,
        "284.0625": 364,
        "283.7109375": 364,
        "283.359375": 370,
        "283.0078125": 378,
        "282.65625": 396,
        "282.3046875": 398,
        "281.953125": 420,
        "281.6015625": 421,
        "281.25": 426,
        "280.8984375": 433,
        "280.546875": 449,
        "280.1953125": 449,
        "279.84375": 474,
        "279.4921875": 478,
        "279.140625": 478,
        "278.7890625": 576,
        "278.4375": 602,
        "278.0859375": 635,
        "277.734375": 635,
        "277.3828125": 635,
        "277.03125": 650,
        "276.6796875": 691,
        "276.328125": 779,
        "275.9765625": 805,
        "275.625": 850,
        "275.2734375": 850,
        "274.921875": 892,
        "274.5703125": 939,
        "274.21875": 996,
        "273.8671875": 1094,
        "273.515625": 1112,
        "273.1640625": 1112,
        "272.8125": 1112,
        "272.4609375": 1112,
        "272.109375": 1102,
        "262.96875": 643,
        "262.6171875": 643,
        "262.265625": 643,
        "261.9140625": 643,
        "261.5625": 661,
        "259.8046875": 669,
        "259.453125": 669,
        "259.1015625": 663,
        "258.75": 662,
        "258.3984375": 661,
        "258.046875": 653,
        "257.6953125": 647,
        "257.34375": 645,
        "256.9921875": 645,
        "256.640625": 645,
        "256.2890625": 641,
        "255.9375": 641,
        "255.5859375": 641,
        "255.234375": 641,
        "254.8828125": 641,
        "254.53125": 641,
        "254.1796875": 637,
        "253.828125": 637,
        "253.4765625": 636,
        "253.125": 635,
        "252.7734375": 627,
        "252.421875": 627,
        "252.0703125": 627,
        "251.71875": 631,
        "251.3671875": 631,
        "251.015625": 631,
        "250.6640625": 622,
        "250.3125": 590,
        "249.9609375": 589,
        "249.609375": 588,
        "249.2578125": 588,
        "248.90625": 588,
        "248.5546875": 589,
        "248.203125": 587,
        "247.8515625": 589,
        "247.5": 584,
        "247.1484375": 593,
        "245.7421875": 612,
        "245.390625": 612,
        "245.0390625": 617,
        "244.6875": 617,
        "244.3359375": 635,
        "243.984375": 649,
        "243.6328125": 657,
        "243.28125": 657,
        "242.9296875": 657,
        "242.578125": 382,
        "242.2265625": 342,
        "241.875": 342,
        "241.5234375": 332,
        "241.171875": 324,
        "240.8203125": 319,
        "240.46875": 308,
        "240.1171875": 307,
        "239.765625": 302,
        "239.4140625": 298,
        "239.0625": 302,
        "238.7109375": 307,
        "238.359375": 335,
        "235.8984375": 929,
        "235.546875": 917,
        "234.4921875": 922,
        "234.140625": 922,
        "233.7890625": 929,
        "233.4375": 931,
        "233.0859375": 936,
        "232.734375": 936,
        "232.3828125": 939,
        "232.03125": 944,
        "231.6796875": 950,
        "231.328125": 1474,
        "230.9765625": 1489,
        "230.625": 1497,
        "230.2734375": 1497,
        "229.921875": 1500,
        "229.5703125": 1508,
        "229.21875": 1514,
        "228.8671875": 1523,
        "228.515625": 1551,
        "228.1640625": 1554,
        "227.8125": 1570,
        "227.4609375": 1570,
        "227.109375": 1570,
        "226.7578125": 1579,
        "226.40625": 1581,
        "226.0546875": 1591,
        "225.703125": 1606,
        "225.3515625": 1615,
        "224.6484375": 1638,
        "224.296875": 1642,
        "223.9453125": 1660,
        "222.5390625": 1126,
        "222.1875": 1270,
        "221.8359375": 1266,
        "221.484375": 1266,
        "221.1328125": 1266,
        "220.78125": 1230,
        "220.4296875": 1203,
        "220.078125": 1195,
        "219.7265625": 1195,
        "219.375": 1195,
        "219.0234375": 1180,
        "218.671875": 1180,
        "218.3203125": 487,
        "217.96875": 487,
        "217.6171875": 487,
        "214.1015625": 798,
        "213.75": 793,
        "213.3984375": 793,
        "213.046875": 798,
        "212.6953125": 825,
        "212.34375": 2190,
        "211.9921875": 2201,
        "211.640625": 2222,
        "211.2890625": 2222,
        "210.9375": 2222,
        "210.5859375": 2244,
        "210.234375": 2273,
        "209.8828125": 2284,
        "209.53125": 2312,
        "209.1796875": 2341,
        "208.828125": 2350,
        "208.4765625": 2379,
        "208.125": 2406,
        "207.7734375": 2423,
        "207.421875": 2508,
        "207.0703125": 2543,
        "206.71875": 2576,
        "206.015625": 2576,
        "205.6640625": 2614,
        "205.3125": 2630,
        "204.9609375": 2667,
        "204.609375": 2667,
        "204.2578125": 2667,
        "203.203125": 1082,
        "202.8515625": 1062,
        "202.5": 2617,
        "202.1484375": 2625,
        "201.796875": 2616,
        "201.4453125": 2616,
        "201.09375": 2601,
        "200.7421875": 2598,
        "200.390625": 2595,
        "200.0390625": 2592,
        "199.6875": 2586,
        "199.3359375": 2586,
        "198.984375": 2586,
        "198.6328125": 2634,
        "198.28125": 2675,
        "197.9296875": 2717,
        "197.578125": 2763,
        "197.2265625": 2809,
        "196.875": 2859,
        "196.5234375": 2923,
        "196.171875": 2971,
        "195.8203125": 3051,
        "195.46875": 3108,
        "187.03125": 3598,
        "186.6796875": 3583,
        "186.328125": 3578,
        "185.9765625": 3570,
        "185.625": 3568,
        "185.2734375": 3568,
        "184.921875": 3568,
        "184.5703125": 3568,
        "184.21875": 3571,
        "183.8671875": 3572,
        "181.0546875": 3553,
        "180.703125": 3550,
        "180.3515625": 3550,
        "179.6484375": 3544,
        "179.296875": 2659,
        "178.9453125": 2659,
        "178.59375": 2659,
        "178.2421875": 2659,
        "177.890625": 2664,
        "177.5390625": 2669,
        "177.1875": 2683,
        "176.8359375": 2686,
        "176.484375": 2700,
        "176.1328125": 2701,
        "175.78125": 2734,
        "175.4296875": 2795,
        "175.078125": 3546,
        "172.6171875": 3571,
        "172.265625": 3564,
        "171.9140625": 3564,
        "171.5625": 3563,
        "171.2109375": 3564,